Chr1	24607688	+	CTT	0	1	0
Chr1	24607719	-	CAC	0	4	0
Chr1	24607720	+	CCA	0	2	0
Chr1	24607721	+	CAG	0	2	0
Chr1	24607723	-	CTG	0	4	0
Chr1	24607724	-	CCT	0	4	0
Chr1	24607785	-	CAG	0	4	0
Chr1	24607786	-	CCA	0	4	0
Chr1	24607789	+	CAA	0	2	0
Chr1	24607796	-	CTA	0	4	0
Chr1	24607799	+	CAA	0	2	0
Chr1	24607802	-	CTT	0	4	0
Chr1	24607804	+	CTA	0	2	0
Chr1	24607807	-	CTA	0	4	0
Chr1	24607810	+	CAA	0	2	0
Chr1	24607813	+	CCT	0	2	0
Chr1	24607814	+	CTG	0	2	0
Chr1	24607816	-	CAG	0	4	0
Chr1	24607817	-	CCA	0	4	0
Chr1	24607820	+	CAA	0	2	0
Chr1	24607982	+	CTA	0	3	0
Chr1	24607988	+	CAG	0	3	0
Chr1	24607990	-	CTG	0	5	0
Chr1	24607993	+	CTG	0	3	0
Chr1	24607995	-	CAG	0	5	0
Chr1	24608762	-	CCC	0	1	0
Chr1	24608772	-	CAA	0	1	0
Chr1	24608779	-	CTA	0	1	0
Chr1	24608781	-	CTC	0	1	0
Chr1	24608790	-	CGT	0	1	0
Chr1	24608791	-	CCG	0	1	0
Chr1	24608796	-	CGT	0	1	0
Chr1	24608797	-	CCG	0	1	0
Chr1	24608805	-	CGA	0	1	0
Chr1	24608811	-	CAA	0	1	0
Chr1	24608820	-	CTA	0	1	0
Chr1	24608829	-	CGA	0	1	0
Chr1	24608838	-	CAA	0	1	0
Chr1	24608840	-	CAC	0	1	0
Chr1	24608842	-	CAC	0	1	0
Chr1	24608882	-	CAT	0	1	0
Chr1	24608885	-	CAT	0	1	0
Chr1	24608924	-	CTT	0	1	0
Chr1	24608932	-	CTA	0	1	0
Chr1	24608934	-	CTC	0	1	0
Chr1	24608949	-	CTT	0	1	0
Chr1	24608950	-	CCT	0	1	0
Chr1	24608955	-	CAT	0	1	0
Chr1	24608957	-	CAC	0	1	0
Chr1	24608963	-	CAT	0	1	0
